id;uuid;first_name;last_name;driver_license
1;Investment;Russ;Кулаков;e-business Dollar
2;Практичный Graphic площадь;Abbigail;Горбунова;пр.
3;Open-source внутренний;Autumn;Овчинников;координатор approach
4;Большой;Kacie;Шестакова;incentivize Италия Великолепный
5;Республика запрограммировать;Whitney;Комарова;импортировать сотрудник
6;Brunei ХЗ;Charles;Буров;platforms architect withdrawal
7;Маврикий moratorium;Katharina;Харитонова;оператор
8;здоровье revolutionize Плащ;Barrett;Петухов;Cloned руководитель schemas
9;Маленький Игрушки коммуникационный;Jammie;Овчинников;Генеральный Кабардино-Балкарская
10;интеграционный portal Cambridgeshire;Brandt;Силин;коммуникационный излишний
