id;uuid;first_name;last_name;patronymic;birthday;boarding_status;sex;phone;citizenship
1;область;Marilie;Хохлова;iterate;2021-06-16;Майка CSS Ботинок;Ouguiya;(919)713-45-77;Бурятский округ
2;Резиновый;Coty;Лапин;disintermediate сокет Большой;2021-06-16;Buckinghamshire лимонный область;улица;(903)971-26-82;Самоа Оренбургская
3;Гранитный монитор мобильный;Bobbie;Смирнова;игры;2021-06-16;Auto функциональный;Бетонный драйвер Стул;(933)003-66-07;Компьютер Стальной invoice
4;навигация архитектор функциональный;Era;Бурова;Shilling;2021-06-15;Бетонный Центральный Маленький;Savings;(944)783-06-34;синтезировать область
5;Ботинок Шарф аналитик;Kristy;Борисов;Усть-Ордынский;2021-06-15;Loan Seamless deliverables;оптический пиксель;(941)877-12-37;оптимизационный
6;Автомобиль Областной Berkshire;Lucinda;Бобров;Бетонный;2021-06-16;сжатие бирюзовый;incremental сенсорный Бетонный;(904)706-50-07;Астраханская multi-state
7;индексировать Ирак;Fredy;Хохлова;вычисление объект BEAC;2021-06-16;Renminbi квантифицировать USB;Национальный;(921)440-06-80;Национальный игры Кулон
8;Cambridgeshire функциональный;Garett;Мишин;Стальной багровый deposit;2021-06-15;округ Ведущий помощник;Практичный детское;(988)556-19-25;Национальный запрограммировать
9;желтый Национальный конденсатор;Beau;Кузнецов;technologies экспортировать Клатч;2021-06-16;агент драйвер операционный;взломать;(989)570-70-29;администратор
10;Upgradable;Friedrich;Нестерова;область;2021-06-16;invoice architecture drive;radical bleeding-edge;(912)488-16-73;Saudi
